venue_name,Capacity,address,city,state,postal_code,geocoded_lat,geocoded_lon,,10/3/26,10/2/26,9/28/26,9/27/2026,9/26/2026,9/25/2026,9/20/2026,9/19/2026,9/16/2026,9/15/2026,9/14/2026,9/12/2026,8/29/2026,8/27/2026,7/31/2026,7/30/2026,7/24/2026,7/18/2026,7/4/2026,6/28/2026,6/27/2026,6/26/2026,6/20/2026,6/14/2026,6/13/2026,6/12/2026,6/11/2026,6/7/2026,6/6/2026,6/5/2026,6/4/26,5/25/2026,5/24/2026,5/23/2026,5/22/2026,5/16/2026,5/12/2026,5/9/2026,4/11/2026,3/28/2026,3/26/2026,3/21/26,2/28/26,2/22/26,2/21/2026,2/20/2026,2/19/2026,1/22/2026
Dodger Stadium,"56,000",1000 Vin Scully Ave,Los Angeles,CA,90012,34.0723789,-118.24802,,1:00PM to 3:45PM,,,,,,,,,5:30PM to 11:00PM,,9AM to 5PM,,,,,,,,,,,,,,,,,,,,,,,,,7:10PM to 10:15PM,,,,1:10PM to 4:30PM,,,,,,,
DTLA Arena (Crypto.com Arena),"20,000",1111 S Figueroa St,Los Angeles,CA,90015,34.0435077,-118.26545,,,,7:00PM to 9:30PM,,,,,,7:30 PM to 10:00PM,,,7:30PM to 10:45PM,,,,,,,,,,,,7:30PM to 11:00PM,7:30PM to 11:00PM,,,,8:00PM to 11:00PM,,,,,,,,,,,,,,,,,,,
LA Convention Center (Halls 1-3),"22,870",1201 S Figueroa St,Los Angeles,CA,90015,34.0419135,-118.26693,,,,,,,,,,,,,,,,,,,,,,,,,,,,,,,,,,,,,,,,,,,,,,,,,
Peacock Theater,"7,100",777 Chick Hearn Ct,Los Angeles,CA,90015,34.0439546,-118.2663,,,,,4:30PM to 7:30PM,,,,,,,5:00PM to 8:00PM,,,,,,,,,5:00PM to 8:30PM,,,,,,,,,,,,,,,,,,,,,,,,,,,,
LA Memorial Coliseum,"77,500",3911 S Figueroa St,Los Angeles,CA,90037,34.0133978,-118.28281,,,,,,,,,,,,,,,,,,,,6:30PM to 9:30PM,,,,,9:00AM to 5:00PM,1:00PM to 9:00PM,11:00AM to 9:00PM,10:00AM to 4:00PM,,,,,,,,,,,,,,,,,,,,,
Exposition Park Stadium (BMO Stadium),"24,000",3939 S Figueroa St,Los Angeles,CA,90037,34.0126985,-118.28281,,,,,6:10PM to 11:00PM,,6:10PM to 11:00PM,,,,,,,,,,,,,,,,,,,,,9:00PM to 11:00PM,,,,,,,,,,,,,,,,7:30PM to 10:30PM,2:00 to 4:00PM,,,,
Galen Center (USC),"10,258",3400 S Figueroa St,Los Angeles,CA,90089,34.0218386,-118.27995,,,8:00PM to 10:15PM,,,,,,,,,,,5:00PM to 9:30PM,,,,,,,,,,,,,,,,,,,,,,,12:00PM to 3:00PM,,,,,,,,,,,,
LA Zoo,"16,250",5333 Zoo Dr,Los Angeles,CA,90027,34.147294,-118.28441,Daily hours: 10:00AM to 5:00PM,,,,,,,,,,,,,,,6:00PM to 9:00PM,,6:00PM to 9:00PM,,,,6:00PM to 9:00PM,,6:00PM to 9:00PM,,,,,,,,,,,,,,,,,,,,,,,,,
Griffith Observatory,"10,000",2800 E Observatory Rd,Los Angeles,CA,90027,34.1233939,-118.30228,,,,,,,,,2:00PM to 9:45PM,,,,,,,,,,2:00PM to 9:45PM,,,,,,,,,,,,,,,,,,,,,12:00PM to 10:00PM,2:00PM to 9:45PM,,,,,,,,
Riviera Country Club,"15,000",1250 Capri Dr,Los Angeles,CA,90272,34.051237,-118.50132,,,,,,,,,,,,,,,,,,,,,,,,,,,,,7:00AM to 6:00PM,7:00AM to 6:00PM,6:15 AM to 8:00PM,6:15 AM to 8:00PM,,,,,,,,,,,,,7:00AM  to 4:00PM ,7:00AM  to 4:00PM ,7:00AM  to 4:00PM ,7:00AM  to 4:00PM ,
Port of Los Angeles,,425 S Palos Verdes St,Los Angeles,CA,90731,LA28 venues page (la28.org/en/games-plan/venues.html); address confirmed via web search Sep 28 2026,33.7407413,,,,,,11:00AM to 2:00PM,,,,,,,,,,,,,,,,,,,,,,,,,,,10:00AM to 6:00PM,10:00AM to 6:00PM,10:00AM to 6:00PM,10:00AM to 6:00PM,,,11:00AM to 2:00PM,,,,,,,3:00PM to 7:00PM,,,11:00AM to 1:30PM
Valley Complexes 1-4 (Sepulveda Basin Recreation Area),"8,000",17017 Burbank Blvd,Los Angeles,CA,91436,,,,,,,,,,,,,,,,,,,,,,,,,,,,,,,,,,,,,,,,,,,,,,,,,,,
Venice Beach,,"Venice Beach, near Windward Ave",Los Angeles,CA,90291,LA28 venues page (la28.org/en/games-plan/venues.html); address confirmed via web search Sep 28 2026,,,,,,,,,,,,,,,,5:00PM to 8:00PM,,5:00PM to 8:00PM,,,,,,,12:00PM to 8:00PM,,,,,,,,,,,,,,,,,,,11:00AM to 7:00PM,,,,,,
Venice Beach Boardwalk,,Ocean Front Walk,Los Angeles,CA,90291,,,,,,,,,,,,,,,,,,,,,,,,,,,,,,,,,,,,,,,,,,,,,,,,,,,