venue_id,venue_name,address,city,state,zip,olympic_zone,sports,latitude,longitude,verification_status,notes,source,geocoded_lat,geocoded_lon,distance_m,geocode_result
V01,Dodger Stadium,1000 Vin Scully Ave,Los Angeles,CA,90012,DTLA,Baseball,34.0739,-118.24,Confirmed,Coordinates from Wikipedia infobox,LA28 venues page (la28.org/en/games-plan/venues.html); address confirmed via web search Sep 28 2026,34.072378875106,-118.24802154238,757.9,MISMATCH - review
V02,DTLA Arena (Crypto.com Arena),1111 S Figueroa St,Los Angeles,CA,90015,DTLA,Artistic gymnastics; trampoline gymnastics; boxing (final stages),34.0431,-118.2672,Confirmed,Official LA28 name is DTLA Arena; coordinates from Wikipedia infobox,LA28 venues page (la28.org/en/games-plan/venues.html); address confirmed via web search Sep 28 2026,34.043507739979,-118.265447772714,167.7,MISMATCH - review
V03,LA Convention Center (Halls 1-3),1201 S Figueroa St,Los Angeles,CA,90015,DTLA,Fencing; judo; table tennis; taekwondo; wrestling,34.0397,-118.2703,Confirmed,Coordinates from Wikipedia infobox,LA28 venues page (la28.org/en/games-plan/venues.html); address confirmed via web search Sep 28 2026,34.04191352538,-118.266929936324,396.2,MISMATCH - review
V04,Peacock Theater,777 Chick Hearn Ct,Los Angeles,CA,90015,DTLA,Boxing (preliminary stages); weightlifting,34.0445,-118.2669,Confirmed,,LA28 venues page (la28.org/en/games-plan/venues.html); address confirmed via web search Sep 28 2026,34.04395463275,-118.266297998208,82.2,OK
V05,LA Memorial Coliseum,3911 S Figueroa St,Los Angeles,CA,90037,Exposition Park,Athletics (track and field); Opening Ceremony (co-host); Closing Ceremony,34.0141,-118.2879,Confirmed,,LA28 venues page (la28.org/en/games-plan/venues.html); address confirmed via web search Sep 28 2026,34.013397756968,-118.282812690502,475.4,MISMATCH - review
V06,Exposition Park Stadium (BMO Stadium),3939 S Figueroa St,Los Angeles,CA,90037,Exposition Park,Flag football; lacrosse,34.0128,-118.2846,Confirmed,"Official LA28 name is Exposition Park Stadium; coordinates from third-party POI listing, verify",LA28 venues page (la28.org/en/games-plan/venues.html); address confirmed via web search Sep 28 2026,34.012698493619,-118.282809419125,165.4,MISMATCH - review
V07,Galen Center (USC),3400 S Figueroa St,Los Angeles,CA,90089,Exposition Park,Badminton; rhythmic gymnastics,34.021,-118.28,Confirmed,On USC campus; zip appears as both 90089 (campus) and 90007 (box office) across sources,LA28 venues page (la28.org/en/games-plan/venues.html); address confirmed via web search Sep 28 2026,34.021838590466,-118.279949106344,93.4,OK
V08,LA Zoo,5333 Zoo Dr,Los Angeles,CA,90027,Griffith Park,Cycling road,34.1494,-118.2856,Confirmed address; coordinates still approximate - geocode,Sport per LA28 venue page; role in cycling road (start/finish/course) not stated,LA28 venues page (la28.org/en/games-plan/venues.html); address confirmed via web search Sep 28 2026,34.147293999819,-118.284414442921,258.3,MISMATCH - review
V09,Griffith Observatory,2800 E Observatory Rd,Los Angeles,CA,90027,Griffith Park,Cycling road,34.1184,-118.3004,Confirmed address; coordinates still approximate - geocode,Sport per LA28 venue page; role in cycling road not stated,LA28 venues page (la28.org/en/games-plan/venues.html); address confirmed via web search Sep 28 2026,34.123393902896,-118.30227989306,581.6,MISMATCH - review
V10,Riviera Country Club,1250 Capri Dr,Los Angeles,CA,90272,Riviera,Golf,34.0489,-118.5058,Not yet verified - geocode and confirm address,Area affected by Jan 2025 Palisades fire; check current status before use,LA28 venues page (la28.org/en/games-plan/venues.html); address confirmed via web search Sep 28 2026,34.051237037966,-118.501317305405,487.9,MISMATCH - review
V11,Port of Los Angeles,425 S Palos Verdes St,Los Angeles,CA,90731,Port of Los Angeles,"Sailing (dinghy, skiff and multihull)",33.74085, -118.28176, Manually added , exact sailing site unknown","Address is Port admin office, not a specific sailing marina; sport is from Olympics.com, not confirmed on LA28 page",LA28 venues page (la28.org/en/games-plan/venues.html); address confirmed via web search Sep 28 2026,33.740741338903,-118.28141296336,3703.0,MISMATCH - review
V12,Valley Complexes 1-4 (Sepulveda Basin Recreation Area),17017 Burbank Blvd,Los Angeles,CA,91436,Valley,3x3 basketball; BMX freestyle; BMX racing; modern pentathlon; skateboarding (park and street),34.1736, -118.503,Manually Added; single address represents a large multi-site area,"LA28 lists as four complexes at one site; address covers a large park, not a single point",LA28 venues page (la28.org/en/games-plan/venues.html); address confirmed via web search Sep 28 2026,,,,NOT_FOUND - check address manually
V13,Venice Beach,"Venice Beach, near Windward Ave",Los Angeles,CA,90291,Venice,Triathlon,33.9886,-118.4705,Manually Added, approximate","Beach venue, no street address",LA28 venues page (la28.org/en/games-plan/venues.html); address confirmed via web search Sep 28 2026,,,,NOT_FOUND - check address manually
V14,Venice Beach Boardwalk,Ocean Front Walk,Los Angeles,CA,90291,Venice,Athletics (marathon start); cycling road (road race start),33.985,-118.4726,"Not verified - no true street address, approximate","Street, not a building",LA28 venues page (la28.org/en/games-plan/venues.html); address confirmed via web search Sep 28 2026,,,,NOT_FOUND - check address manually
