station_id,station_name,agency,station_type,address,city,state,zip_code,latitude,longitude,phone,hours,description,website,source_updated,source
9562,Lomita Sheriff's Station,Los Angeles County Sheriff's Department,sheriff,26123 S. Narbonne Ave.,Lomita,CA,90717,33.78544296981938,-118.32055448949626,"Station: (310) 539-1661
Emergencies: Dial 911","Available 24 hours a day, 7 days a week","Serving the areas of: City of Lomita, City of Rancho Palos Verdes, City of Rolling Hills Estates, City of Rolling Hills, Unincorporated Area of La Rambla, Unincorporated Area of Academy Hill, Unincorporated Area of Palos Verdes Peninsula, Unincorporated Area of Westfield.",https://lasd.org/lomita/,2026-02-03,https://public.gis.lacounty.gov/public/rest/services/LACounty_Dynamic/LMS_Data_Public/MapServer/146
9529,Norwalk Sheriff's Station,Los Angeles County Sheriff's Department,sheriff,12335 Civic Center Dr.,Norwalk,CA,90650,33.91411700019041,-118.06941899969388,"Station: (562) 863-8711
Emergencies: Dial 911","Available 24 hours a day, 7 days a week","Serving the areas of: City of Norwalk, City of La Mirada, South Unincorporated Whittier, East Unincorporated Whittier.",https://lasd.org/norwalk/,2026-02-03,https://public.gis.lacounty.gov/public/rest/services/LACounty_Dynamic/LMS_Data_Public/MapServer/146
9543,Temple Sheriff's Station,Los Angeles County Sheriff's Department,sheriff,8838 E. Las Tunas Dr.,Temple City,CA,91780,34.102831609624616,-118.07603359037802,(626) 285-7171,"Available 24 hours a day, 7 days a week","Serving the areas of: Chantry Flats, Monrovia-Arcadia-Duarte, City of Bradbury, City of Duarte, City of Rosemead, City of South El Monte, Temple City, North San Gabriel/East Pasadena, South San Gabriel.",https://lasd.org/temple/,2026-02-03,https://public.gis.lacounty.gov/public/rest/services/LACounty_Dynamic/LMS_Data_Public/MapServer/146
9573,Avalon Sheriff's Station,Los Angeles County Sheriff's Department,sheriff,215 Sumner Ave.,Avalon,CA,90704,33.34310551962283,-118.32706071042772,"Station: (310) 510-0174
Emergencies: Dial 911","Available 24 hours a day, 7 days a week","Serving the areas of: Santa Catalina Island, City of Avalon, Ocean Waters between the islands and mainland Southern CA, San Clemente Island.",https://lasd.org/avalon/,2026-02-03,https://public.gis.lacounty.gov/public/rest/services/LACounty_Dynamic/LMS_Data_Public/MapServer/146
10324,Lawndale Sheriff's Service Center,Los Angeles County Sheriff's Department,sheriff,15331 Prairie Ave.,Lawndale,CA,90260,33.891544999852414,-118.34428400048404,"Station: (310) 219-2750 
Emergencies: Dial 911","Available 24 hours a day, 7 days a week","<p>Serving the areas of: Athens, Del Aire, El Camino Village, City of Lawndale, Wiseburn.</p>",https://lasd.org/south-los-angeles/,2026-02-03,https://public.gis.lacounty.gov/public/rest/services/LACounty_Dynamic/LMS_Data_Public/MapServer/146
10350,Malibu/Lost Hills Sheriff's Station,Los Angeles County Sheriff's Department,sheriff,27050 Agoura Rd.,Calabasas,CA,91301,34.137356750026456,-118.71418475979476,"Station: (818) 878-1808
Emergencies: Dial 911","Available 24 hours a day, 7 days a week","City of Agoura Hills, City of Calabasas, City of Hidden Hills, City of Malibu, City of Westlake Village, Chatsworth Lake Manor, Malibou Lake, Topanga, West Hills",https://lasd.org/malibu-lost-hills/,2026-02-03,https://public.gis.lacounty.gov/public/rest/services/LACounty_Dynamic/LMS_Data_Public/MapServer/146
510,Long Beach Police Department - North Patrol Division,Long Beach Police Department,municipal_police,4891 Atlantic Ave.,Long Beach,CA,90807,33.84463900021931,-118.18570500021853,"Service/Intake and Hotline (562) 570-9800, Direct Dispatch - Emergency and Non-Emergency Number Service/Intake (562) 435-6711","Monday through Sunday, 24 hour sper day. ","The agency provides community services, law enforcement and mental health services for people who live in the city of Long Beach.",www.longbeach.gov/police/,2020-07-14,https://public.gis.lacounty.gov/public/rest/services/LACounty_Dynamic/LMS_Data_Public/MapServer/146
841,California Highway Patrol - Santa Fe Springs,California Highway Patrol,state_police,10051 Orr and Day Rd.,Santa Fe Springs,CA,90670,33.94636400009005,-118.09106500000887,(562) 649-6800,"Monday - Friday: 8:00 AM – 5:00 PM
Saturday - Sunday: Closed",The agency provides law enforcement for California highways.,https://www.chp.ca.gov/find-an-office/southern-division/550-santa-fe-springs/,2026-02-03,https://public.gis.lacounty.gov/public/rest/services/LACounty_Dynamic/LMS_Data_Public/MapServer/146
1314,City Of Gardena Police Department,City Of Gardena Police Department,municipal_police,1718 W 162Nd St,Gardena,CA,90247,33.88372657042623,-118.30763749974915,"Direct Dispatch - Emergency and Non-Emergency Number Service/Intake (310) 323-7911,  Service/Intake and Administration (310) 217-9670, Records Service/Intake (310) 217-9600, Custody Information Service/Intake (310) 217-9632","Monday through Sunday, 24 hours per day. ",The department provides law enforcement services for the city of Gardena.,http://www.gardenapd.org,2020-07-14,https://public.gis.lacounty.gov/public/rest/services/LACounty_Dynamic/LMS_Data_Public/MapServer/146
1649,California Highway Patrol - Baldwin Park,California Highway Patrol,state_police,14039 Francisquito Ave.,Baldwin Park,CA,91706,34.06571599956468,-117.96958200025189,(626) 517-8500,"Monday - Friday: 8:00 AM – 5:00 PM
Saturday - Sunday: Closed",The agency provides law enforcement for California highways.,https://www.chp.ca.gov/find-an-office/southern-division/525-baldwin-park/,2026-02-03,https://public.gis.lacounty.gov/public/rest/services/LACounty_Dynamic/LMS_Data_Public/MapServer/146
1676,Redondo Beach Police Department - Pier Sub Station,Redondo Beach Police Department,municipal_police,133 W. Torrance Blvd.,Redondo Beach,CA,90277,33.83836299985036,-118.38756699960588,Direct Dispatch - Non Emergency Number (desk officer) Service/Intake (310) 379-2477 Ext.1-2351,Hours vary; contact the agency for site hours. ,The police department provides law enforcement services for residents of Redondo Beach.,www.redondo.org/police,2020-07-14,https://public.gis.lacounty.gov/public/rest/services/LACounty_Dynamic/LMS_Data_Public/MapServer/146
1994,Inglewood Police Department,Inglewood Police Department,municipal_police,1 Manchester Blvd.,Inglewood,CA,90301,33.96147648989939,-118.3543253002874,"Administration Administrative (310) 412-5200, Community Affairs Service/Intake (310) 412-5530, 24 Hour Info/Front Desk Service/Intake (310) 412-5211, Direct Dispatch - Emergency and Non-Emergency Number Service/Intake (310) 412-877","Monday through Thursday, 8:00am to 9:00pm; Friday, 8:00am to 4:00pm.",The Agency Provides Law Enforcement Services For The City Of Inglewood.,cityofinglewood.org/depts/police/default.asp,2020-07-14,https://public.gis.lacounty.gov/public/rest/services/LACounty_Dynamic/LMS_Data_Public/MapServer/146
2441,City Of Hawthorne Police Department,City Of Hawthorne Police Department,municipal_police,12501 S. Hawthorne Blvd.,Hawthorne,CA,90250,33.91903400021036,-118.35274299962454,"Direct Dispatch - Emergency and Non-Emergency Number Service/Intake (310) 675-4443, Front Desk/General Business/Juvenile Srvs. Service/Intake (310) 349-2700","Monday through Sunday, 24 hours per day. ",The department provides law enforcement services for residents of the City of Hawthorne.,www.cityofhawthorne.com/depts/police/,2020-07-14,https://public.gis.lacounty.gov/public/rest/services/LACounty_Dynamic/LMS_Data_Public/MapServer/146
2442,City Of Long Beach Police Department,City Of Long Beach Police Department,municipal_police,400 W. Broadway,Long Beach,CA,90802,33.76898600033899,-118.19725299969836,"Graffiti Hotline Service/Intake (562) 570-2773, General Information Service/Intake and Administration (562) 570-7260, Permits/Licensing Service/Intake (562) 570-7219, Traffic Enforcement Service/Intake (562) 570-7209, Records Inquiries Service/Intake (562","Monday through Sunday, 24 hours per day. ","The agency provides community services, law enforcement and mental health services for people who live in the city of Long Beach.",www.longbeach.gov/police/,2020-07-14,https://public.gis.lacounty.gov/public/rest/services/LACounty_Dynamic/LMS_Data_Public/MapServer/146
2443,City Of Palos Verdes Estates Police Department,City Of Palos Verdes Estates Police Department,municipal_police,340 Palos Verdes Dr W,Palos Verdes Estates,CA,90274,33.79975551961947,-118.39159069959335,"Community Relations Officer Service/Intake (310) 378-4211 Ext.2118, Direct Dispatch - Emergency Number Emergency (310) 378-5211, Direct Dispatch - Non Emergency Number Service/Intake (310) 378-4211,  TDD (310) 373-8018","Monday through Sunday, 24 hours per day. ",The department provides law enforcement services for the city of Palos Verdes Estates.,https://www.pvestates.org,2020-07-14,https://public.gis.lacounty.gov/public/rest/services/LACounty_Dynamic/LMS_Data_Public/MapServer/146
2712,Long Beach Police Department - East Patrol Division,Long Beach Police Department,municipal_police,4800 Los Coyotes Diagonal,Long Beach,CA,90815,33.79286500023166,-118.13781999999637,"Service/Intake (562) 570-5880, Direct Dispatch - Emergency and Non-Emergency Number Service/Intake (562) 435-6711","Monday through Sunday, 24 hours per day. ","The agency provides community services, law enforcement and mental health services for people who live in the city of Long Beach.",www.longbeach.gov/police/,2020-07-14,https://public.gis.lacounty.gov/public/rest/services/LACounty_Dynamic/LMS_Data_Public/MapServer/146
2714,California Highway Patrol - Antelope Valley,California Highway Patrol,state_police,2041 W Ave I,Lancaster,CA,93534,34.704497000332736,-118.16754800041072,(661) 743-6060,"Monday - Friday: 8:00 AM – 5:00 PM
Saturday - Sunday: Closed",The agency provides law enforcement for California highways.,https://www.chp.ca.gov/find-an-office/southern-division/545-antelope-valley/,2026-02-03,https://public.gis.lacounty.gov/public/rest/services/LACounty_Dynamic/LMS_Data_Public/MapServer/146
2729,California Highway Patrol - South Los Angeles,California Highway Patrol,state_police,19700 Hamilton Ave.,Torrance,CA,90502,33.85177799994887,-118.28561100008508,(424) 551-4000,"Monday - Friday: 8:00 AM – 5:00 PM
Saturday - Sunday: Closed",The agency provides law enforcement for California highways.,https://www.chp.ca.gov/find-an-office/southern-division/530-south-los-angeles/,2026-02-03,https://public.gis.lacounty.gov/public/rest/services/LACounty_Dynamic/LMS_Data_Public/MapServer/146
2802,California Highway Patrol - East Los Angeles,California Highway Patrol,state_police,1601 Corporate Center Dr.,Monterey Park,CA,91754,34.04469699979325,-118.16755299953714,(213) 987-0520,"Monday - Friday: 8:00 AM – 5:00 PM
Saturday - Sunday: Closed",The agency provides law enforcement for California highways.,https://www.chp.ca.gov/find-an-office/southern-division/535-east-los-angeles/,2026-02-03,https://public.gis.lacounty.gov/public/rest/services/LACounty_Dynamic/LMS_Data_Public/MapServer/146
2886,California Highway Patrol - Altadena Office,California Highway Patrol,state_police,2130 Windsor Ave.,Altadena,CA,91001,34.18247400011989,-118.16822600005774,(626) 296-8100,"Monday - Friday: 8:00 AM – 5:00 PM
Saturday - Sunday: Closed",The agency provides law enforcement for California highways.,https://www.chp.ca.gov/find-an-office/southern-division/575-altadena/,2026-02-03,https://public.gis.lacounty.gov/public/rest/services/LACounty_Dynamic/LMS_Data_Public/MapServer/146
3275,City Of Covina Police Department,City Of Covina Police Department,municipal_police,444 N. Citrus Ave.,Covina,CA,91723,34.089778999641155,-117.88900599988848,"Direct Dispatch - Emergency Number Service/Intake (626) 384-5808, Graffiti Hotline Service/Intake (626) 384-5599, Non-emergency Service/Intake (626) 384-5595,  Information Only (626) 331-3391","Monday through Sunday, 24 hours per day. ",The department provides law enforcement services for the city of Covina.,www.ci.covina.ca.us/police,2020-07-14,https://public.gis.lacounty.gov/public/rest/services/LACounty_Dynamic/LMS_Data_Public/MapServer/146
3277,California Highway Patrol - West Valley,California Highway Patrol,state_police,5825 De Soto Ave.,Woodland Hills,CA,91367,34.176252000212955,-118.5901379999075,(747) 373-3000,"Monday - Friday: 8:00 AM – 5:00 PM
Saturday - Sunday: Closed",The agency provides law enforcement for California highways.,https://www.chp.ca.gov/find-an-office/southern-division/580-west-valley/,2026-02-03,https://public.gis.lacounty.gov/public/rest/services/LACounty_Dynamic/LMS_Data_Public/MapServer/146
3278,California Highway Patrol - West Los Angeles,California Highway Patrol,state_police,6300 Bristol Park,Culver City,CA,90230,33.980753999842165,-118.3917750003843,(424) 577-8700,"Monday - Friday: 8:00 AM – 5:00 PM
Saturday - Sunday: Closed",The agency provides law enforcement for California highways.,https://www.chp.ca.gov/find-an-office/southern-division/565-west-los-angeles/,2026-02-03,https://public.gis.lacounty.gov/public/rest/services/LACounty_Dynamic/LMS_Data_Public/MapServer/146
3475,City Of San Fernando Police Department,City Of San Fernando Police Department,municipal_police,910 First St.,San Fernando,CA,91340,34.28277999967682,-118.4386240003746,Direct Dispatch - Emergency and Non-Emergency Number Service/Intake (818) 898-1267,"Monday through Sunday, 24 hours per day. ",The department provides law enforcement services and a variety of crime prevention programs for residents of the city of San Fernando.,www.ci.san-fernando.ca.us/city_government/departments/police/index.shtml,2020-07-14,https://public.gis.lacounty.gov/public/rest/services/LACounty_Dynamic/LMS_Data_Public/MapServer/146
3476,Long Beach Police Department - West Patrol Division,Long Beach Police Department,municipal_police,1835 Santa Fe Ave.,Long Beach,CA,90810,33.79048500012962,-118.21563100015534,"Service/Intake and Hotline (562) 570-3409, Direct Dispatch - Emergency and Non-Emergency Number Service/Intake (562) 435-6711","Monday through Sunday, 24 hours per day. ","The agency provides community services, law enforcement and mental health services for people who live in the city of Long Beach.",www.longbeach.gov/police/,2020-07-14,https://public.gis.lacounty.gov/public/rest/services/LACounty_Dynamic/LMS_Data_Public/MapServer/146
3477,Long Beach Police Department - South Patrol Division,Long Beach Police Department,municipal_police,400 W. Broadway,Long Beach,CA,90802,33.76898600033899,-118.19725299969836,"General Information Service/Intake (562) 570-7260, Direct Dispatch - Emergency and Non-Emergency number Service/Intake (562) 435-6711","Monday through Sunday, 24 hours per day. ","The agency provides community services, law enforcement and mental health services for people who live in the city of Long Beach.",www.longbeach.gov/police/,2020-07-14,https://public.gis.lacounty.gov/public/rest/services/LACounty_Dynamic/LMS_Data_Public/MapServer/146
5489,Downey Police Department,Downey Police Department,municipal_police,10911 Brookshire Ave.,Downey,CA,90241,33.94136273984531,-118.12666319958069,"FAX (562) 904-2384, Direct Dispatch - Emergency and Non-Emergency Service/Intake (562) 861-0771, Direct Dispatch - Emergency Number for Agencies Only Service/Intake (562) 904-236","Monday through Sunday, 24 hours per day.",The Department Provides Law Enforcement Services For The City Of Downey.,www.downeypd.org,2020-07-14,https://public.gis.lacounty.gov/public/rest/services/LACounty_Dynamic/LMS_Data_Public/MapServer/146
5749,Glendora Police Department,Glendora Police Department,municipal_police,150 S Glendora Ave,Glendora,CA,91741,34.1350576100149,-117.86545129955267,Phone: (626) 914-8250 - Fax (626) 963-2154,24 hours,Overview  The Department Provides Law Enforcement Services For The City Of Glendora.,http://www.ci.glendora.ca.us/index.aspx?page=47,2020-07-14,https://public.gis.lacounty.gov/public/rest/services/LACounty_Dynamic/LMS_Data_Public/MapServer/146
5887,City Of Glendale Police Department,City Of Glendale Police Department,municipal_police,131 N. Isabel St.,Glendale,CA,91206,34.14692699966324,-118.24886899949364,"Direct Dispatch - Emergency and Non-Emergency Number Service/Intake (818) 548-4911, General Info Service/Intake and Administration (818) 548-4840, Records Service/Intake (818) 548-3135, Youth Services - Day Service/Intake (818) 548-4037, Traffic Accident ","Monday through Sunday, 24 hours per day. ",The department provides law enforcement services for the city of Glendale.,police.ci.glendale.ca.us,2020-07-14,https://public.gis.lacounty.gov/public/rest/services/LACounty_Dynamic/LMS_Data_Public/MapServer/146
5888,California Highway Patrol - Central Los Angeles,California Highway Patrol,state_police,777 W. Washington Blvd.,Los Angeles,CA,90015,34.03613200044201,-118.27552300018027,(213) 815-2000,"Monday - Friday: 8:00 AM – 5:00 PM
Saturday - Sunday: Closed",The agency provides law enforcement for California highways.,https://www.chp.ca.gov/find-an-office/southern-division/590-central-los-angeles/,2026-02-03,https://public.gis.lacounty.gov/public/rest/services/LACounty_Dynamic/LMS_Data_Public/MapServer/146
6064,Burbank Police Department,Burbank Police Department,municipal_police,200 N. Third St.,Burbank,CA,91502,34.182898630042395,-118.30891440016357,"Business Calls Service/Intake (818) 238-3130,  Information Only (818) 238-3333, Vice/Narcotics Service/Intake (818) 238-3280, Jail Information Service/Intake (818) 238-3010, Traffic Bureau Service/Intake (818) 238-3100, Detective Bureau Service/Inta","Monday through Friday, 8:00am to 4:30pm.",The Department Provides Law Enforcement Services For The City Of Burbank.,www.ci.burbank.ca.us/police,2020-07-14,https://public.gis.lacounty.gov/public/rest/services/LACounty_Dynamic/LMS_Data_Public/MapServer/146
6192,City Of Huntington Park Police Department,City Of Huntington Park Police Department,municipal_police,6542 Miles Ave.,Huntington Park,CA,90255,33.97996299961284,-118.21892300014625,"Watch Commander Administrative (323) 826-6614, Chief Administrative (323) 826-6629, Detective Division Service/Intake and Administration (323) 826-6656, Records Service/Intake and Administration (323) 826-6611, Jail Service/Intake and Administration (323), Animal Services (323) 826-6682","Monday through Sunday, 24 hours per day. ",The agency provides law enforcement services for the city of Huntington Park.,https://hppolice.org/,2020-07-14,https://public.gis.lacounty.gov/public/rest/services/LACounty_Dynamic/LMS_Data_Public/MapServer/146
7269,City Of Monrovia Police Department,City Of Monrovia Police Department,municipal_police,140 E. Lime Ave.,Monrovia,CA,91016,34.14794900003607,-118.00006100049107,"Direct Dispatch - Emergency Number Emergency (626) 256-8088,  FAX (626) 256-8025,  Service/Intake (626) 256-8000","Monday through Sunday, 24 hours per day. ",The department provides drug abuse services for youth and law enforcement services for the city of Monrovia.,www.cityofmonrovia.org,2020-07-14,https://public.gis.lacounty.gov/public/rest/services/LACounty_Dynamic/LMS_Data_Public/MapServer/146
7449,City Of Los Angeles Police Department - Headquarters,Los Angeles Police Department,municipal_police,100 W. 1st St.,Los Angeles,CA,90012,34.05234099964688,-118.2440300001269,"Tip Line Service/Intake and Hotline (877) 529-3855, Terrorist Threats Service/Intake and Hotline (877) 284-7328, Burglar Alarms Service/Intake (213) 485-2102, Anti-Drug Hotline Hotline/Talkline/Warmline (213) 972-2565, Youth Programs Service/Intake (213) ","Monday through Sunday, 24 hours per day. ",The department provides law enforcement and youth services for the City of Los Angeles.,www.lapdonline.org,2020-07-14,https://public.gis.lacounty.gov/public/rest/services/LACounty_Dynamic/LMS_Data_Public/MapServer/146
7450,Los Angeles Police Department - Foothill Community Police Station,Los Angeles Police Department,municipal_police,12760 Osborne St,Pacoima,CA,91331,34.252970529749625,-118.41083450005091,"DV/Major Assault Service/Intake (818) 834-3118, Non-emergency Police Response (ASK LAPD) Dispatch Service/Intake (877) 275-5273, Direct Dispatch - Emergency Number Emergency (213) 928-8206, Direct Dispatch - Emergency Number Emergency (213) 928-8206, Fron","Monday through Sunday, 24 hours per day. ",The department provides law enforcement and youth services for the City of Los Angeles.,www.lapdonline.org,2020-07-14,https://public.gis.lacounty.gov/public/rest/services/LACounty_Dynamic/LMS_Data_Public/MapServer/146
7451,Los Angeles Police Department - Central Community Police Station,Los Angeles Police Department,municipal_police,251 E. 6th St.,Los Angeles,CA,90014,34.04382699956657,-118.24730700049444,"DV/Major Assaults Service/Intake (213) 972-1203, Front Desk / Non ER 24hr Service/Intake and Administration (213) 972-1298, Non-emergency Police Response (ASK LAPD) Dispatch Service/Intake (877) 275-5273, Direct Dispatch - Emergency Number Emergency (213)","Monday through Sunday, 24 hours per day. ",The department provides law enforcement and youth services for the City of Los Angeles.,www.lapdonline.org,2020-07-14,https://public.gis.lacounty.gov/public/rest/services/LACounty_Dynamic/LMS_Data_Public/MapServer/146
7452,City Of La Verne Police Department,City Of La Verne Police Department,municipal_police,2061 Third St.,La Verne,CA,91750,34.10082400020791,-117.7708369999441,"Direct Dispatch - Emergency and Non-Emergency Number Service/Intake (909) 593-2531, Traffic Hotline Service/Intake (909) 392-6577,  Service/Intake and Administration (909) 596-1913","Monday through Sunday, 24 hours per day. ",The department provides law enforcement for the City of La Verne.,www.lvpd.org,2020-07-14,https://public.gis.lacounty.gov/public/rest/services/LACounty_Dynamic/LMS_Data_Public/MapServer/146
7453,City Of Montebello Police Department,City Of Montebello Police Department,municipal_police,1600 W. Beverly Blvd.,Montebello,CA,90640,34.020269000417,-118.11643099974007,"Administrative (323) 887-1288, Direct Dispatch - Emergency and Non Emergency Number Service/Intake (323) 887-1313, Crime Prevention Unit Service/Intake (323) 887-1282, Switchboard Service/Intake (323) 887-1212","Monday through Sunday, 24 hours per day. ",The department provides law enforcement services for the city of Montebello.,www.cityofmontebello.com/depts/police/default.asp,2020-07-14,https://public.gis.lacounty.gov/public/rest/services/LACounty_Dynamic/LMS_Data_Public/MapServer/146
7454,City Of West Covina Police Department,City Of West Covina Police Department,municipal_police,1444 W. Garvey Ave.,West Covina,CA,91790,34.072022999615996,-117.93807900029276,"Direct Dispatch - Emergency and Non-Emergency Number Service/Intake and Administration (626) 939-8500, 24-hr Crime Hotline Hotline/Talkline/Warmline (626) 939-8688, Desk Officer Service/Intake (626) 939-8557, Graffiti hotline Service/Intake (626) 939-8780","Monday through Sunday, 24 hours per day. ","The department provides law enforcement, disaster services, domestic violence services and crime victim services for the city of West Covina.",NULL,2020-07-14,https://public.gis.lacounty.gov/public/rest/services/LACounty_Dynamic/LMS_Data_Public/MapServer/146
7494,City Of Irwindale Police Department,City Of Irwindale Police Department,municipal_police,5050 N. Irwindale Ave.,Irwindale,CA,91706,34.10419499978618,-117.93401299964263,"Direct Dispatch - Emergency and Non-Emergency Number Service/Intake (626) 430-2244,  Service/Intake (626) 962-3601,  FAX (626) 856-0471","Monday through Sunday, 24 hours per day. ",The department provides law enforcement and substance abuse services for the city of Irwindale.,www.ci.irwindale.ca.us/police_dept/,2020-07-14,https://public.gis.lacounty.gov/public/rest/services/LACounty_Dynamic/LMS_Data_Public/MapServer/146
7521,Los Angeles Police Department - Newton Community Police Station,Los Angeles Police Department,municipal_police,3400 S. Central Ave.,Los Angeles,CA,90011,34.01256399976493,-118.25630199973736,"Service/Intake (323) 846-6548, Direct Dispatch - Emergency Number Emergency (213) 928-8206, DV/Major Assault Service/Intake (323) 846-6569,  Service/Intake (323) 846-6549,  Service/Intake (323) 846-6547,  Service/Intake (323) 846-6504, non-ER number   TDD","Monday through Sunday, 24 hours per day. ",The department provides law enforcement and youth services for the City of Los Angeles.,www.lapdonline.org,2020-07-14,https://public.gis.lacounty.gov/public/rest/services/LACounty_Dynamic/LMS_Data_Public/MapServer/146
7522,Los Angeles Police Department - Harbor Community Police Station,Los Angeles Police Department,municipal_police,221 Bayview Ave.,Wilmington,CA,90744,33.771490000002366,-118.26977400043631,"TDD (310) 548-2571, DV/Major Assault Service/Intake (310) 548-7621,  Service/Intake (310) 726-7700, Toll Free Citywide LAPD Non-Emergency Number Service/Intake (877) 275-5273, Harbor Area Community Relations/Youth Services Officer Service/Intake (310) 548","Monday through Sunday, 24 hours per day. ",The department provides law enforcement and youth services for the City of Los Angeles.,www.lapdonline.org,2020-07-14,https://public.gis.lacounty.gov/public/rest/services/LACounty_Dynamic/LMS_Data_Public/MapServer/146
7523,Los Angeles Police Department - Wilshire Community Police Station,Los Angeles Police Department,municipal_police,4861 W. Venice Blvd.,Los Angeles,CA,90019,34.04657099992134,-118.34268999997917,"DV/Major Assault Service/Intake (213) 847-3994, Non-emergency Police Response (ASK LAPD) Dispatch Service/Intake (877) 275-5273, Direct Dispatch - Emergency Number Emergency (213) 928-8206,  Service/Intake (213) 485-4022,  TDD (213) 485-2112, Youth Servic","Monday through Sunday, 24 hours per day. ",The department provides law enforcement and youth services for the City of Los Angeles.,www.lapdonline.org,2020-07-14,https://public.gis.lacounty.gov/public/rest/services/LACounty_Dynamic/LMS_Data_Public/MapServer/146
7524,Los Angeles Police Department - Mission Community Police Station,Los Angeles Police Department,municipal_police,11121 Sepulveda Blvd.,Mission Hills,CA,91345,34.272596999983115,-118.46772899967284,"Front Desk Service/Intake (818) 838-9800,  TDD (818) 837-9858, Community Relations Service/Intake (818) 838-9860, DV/Major Assault Service/Intake (818) 838-9980, Non-emergency Police Response (ASK LAPD) Dispatch Service/Intake (877) 275-5273, Direct Dispa","Monday through Sunday, 24 hours per day. ",The department provides law enforcement and youth services for the City of Los Angeles.,www.lapdonline.org,2020-07-14,https://public.gis.lacounty.gov/public/rest/services/LACounty_Dynamic/LMS_Data_Public/MapServer/146
7525,City Of El Monte Police Department,City Of El Monte Police Department,municipal_police,11333 E. Valley Blvd.,El Monte,CA,91731,34.07093399967008,-118.03050400043807,"FAX (626) 444-2206, Direct Dispatch - General Information - Emergency Number Service/Intake (626) 580-2100, Tip Line for Narcotics and Vice Service/Intake (626) 580-2171, Jail Information Service/Intake (626) 580-2112, Tattoo Removal Service/Intake (626) ","Monday through Sunday, 24 hours per day. ",The department provides law enforcement services for the city of El Monte.,www.ci.el-monte.ca.us/citygov/police/pdmain.html,2020-07-14,https://public.gis.lacounty.gov/public/rest/services/LACounty_Dynamic/LMS_Data_Public/MapServer/146
7539,City Of Hermosa Beach Police Department,City Of Hermosa Beach Police Department,municipal_police,540 Pier Ave.,Hermosa Beach,CA,90254,33.86435000026514,-118.39602799949178,"Jail Service/Intake (310) 318-0234, Direct Dispatch - Emergency and Non-Emergency Number Service/Intake (310) 524-2750, General Business Number Service/Intake (310) 318-0360,  FAX (310) 798-8926, Traffic Bureau Service/Intake (310) 318-0307","Monday through Sunday, 24 hours per day. ",The department provides law enforcement services for the city of Hermosa Beach.,https://www.hermosabeach.gov/our-government/police-department,2020-07-14,https://public.gis.lacounty.gov/public/rest/services/LACounty_Dynamic/LMS_Data_Public/MapServer/146
7540,City Of Vernon Police Department,City Of Vernon Police Department,municipal_police,4305 S. Santa Fe Ave.,Vernon,CA,90058,34.00493899997478,-118.231439999983,"Emergency - Dispatch Emergency (323) 587-8135, Business Line Service/Intake (323) 587-5171","Monday through Sunday, 24 hours per day. ",The department provides law enforcement services for the city of Vernon.,www.cityofvernon.org/departments/police/police.htm,2020-07-14,https://public.gis.lacounty.gov/public/rest/services/LACounty_Dynamic/LMS_Data_Public/MapServer/146
7541,City Of Pasadena Police Department,City Of Pasadena Police Department,municipal_police,207 N. Garfield Ave.,Pasadena,CA,91101,34.149215999995825,-118.14484899958822,"Watch Commander Service/Intake (626) 744-4620, Service Area Message Center Service/Intake (626) 744-6501, Volunteer Coordinator Service/Intake (626) 744-7652, Photo Red Light Service/Intake (626) 744-7595, Detectives/Criminal Investigations Service/Intake","Monday through Sunday, 24 hours per day. ","The department provides law enforcement, mental health services, and youth services for the city of Pasadena.",http://www.ci.pasadena.ca.us/Police/,2020-07-14,https://public.gis.lacounty.gov/public/rest/services/LACounty_Dynamic/LMS_Data_Public/MapServer/146
7565,Los Angeles Police Department - West Los Angeles Community Police Station,Los Angeles Police Department,municipal_police,1663 Butler Ave.,Los Angeles,CA,90025,34.043845999695606,-118.45069699951105,"Service/Intake (310) 575-9402,  TDD (310) 878-8719, Non-emergency Police Response (ASK LAPD) Dispatch Service/Intake (877) 275-5273, Direct Dispatch - Emergency Number Emergency (213) 928-8206, DV/Major Assault Service/Intake (310) 575-8441, Youth Service","Monday through Sunday, 24 hours per day. ",The department provides law enforcement and youth services for the City of Los Angeles.,www.lapdonline.org,2020-07-14,https://public.gis.lacounty.gov/public/rest/services/LACounty_Dynamic/LMS_Data_Public/MapServer/146
7566,Los Angeles Police Department - Hollywood Community Police Station,Los Angeles Police Department,municipal_police,1358 N. Wilcox Ave.,Los Angeles,CA,90028,34.09563000034036,-118.33083800037446,"Non-emergency Police Response (ASK LAPD) Dispatch Service/Intake (877) 275-5273, Youth Services Officer Service/Intake (213) 485-4310 Ext.14, Direct Dispatch - Emergency Number Emergency (213) 928-8206,  Service/Intake (213) 485-4302,  TDD (213) 485-9899,","Monday through Sunday, 24 hours per day. ",The department provides law enforcement and youth services for the City of Los Angeles.,www.lapdonline.org,2020-07-14,https://public.gis.lacounty.gov/public/rest/services/LACounty_Dynamic/LMS_Data_Public/MapServer/146
7567,City Of Azusa Police Department,City Of Azusa Police Department,municipal_police,725 N. Alameda Ave.,Azusa,CA,91702,34.13413700029381,-117.90638700045132,Direct Dispatch - Graffiti removal - after hours Service/Intake (626) 812-3200,"SITE HOURS: Law enforcement is available Monday through Sunday, 24 hours per day.   ",The department provides law enforcement services for the city of Azusa.,www.ci.azusa.ca.us,2020-07-14,https://public.gis.lacounty.gov/public/rest/services/LACounty_Dynamic/LMS_Data_Public/MapServer/146
7568,City Of Bell Gardens Police Department,City Of Bell Gardens Police Department,municipal_police,7100 S. Garfield Ave.,Bell Gardens,CA,90201,33.967194999951644,-118.15041399988371,"non-emergencies Service/Intake and Administration (562) 806-7600,  Administrative (562) 806-7690, Direct Dispatch - Emergency and Non-Emergency Number Service/Intake (562) 806-7604","Monday through Sunday, 24 hours per day. ",The department provides law enforcement services for the city of Bell Gardens.,,2020-07-14,https://public.gis.lacounty.gov/public/rest/services/LACounty_Dynamic/LMS_Data_Public/MapServer/146
7603,Los Angeles Police Department - North Hollywood Community Police Station,Los Angeles Police Department,municipal_police,11640 Burbank Blvd.,North Hollywood,CA,91601,34.17198599963482,-118.38586299995879,"Youth Services Officer Service/Intake (818) 633-4001, DV/Major Assault Service/Intake (818) 623-4065, Non-emergency Police Response (ASK LAPD) Dispatch Service/Intake (877) 275-5273, Direct Dispatch - Emergency Number Emergency (213) 928-8206,  TDD (818) ","Monday through Sunday, 24 hours per day. ",The department provides law enforcement and youth services for the City of Los Angeles.,www.lapdonline.org,2020-07-14,https://public.gis.lacounty.gov/public/rest/services/LACounty_Dynamic/LMS_Data_Public/MapServer/146
7604,Los Angeles Police Department - Northeast Community Police Station,Los Angeles Police Department,municipal_police,3353 San Fernando Rd.,Los Angeles,CA,90065,34.11859699972434,-118.24932700020524,"DV/Major Assault Service/Intake (323) 344-5749, Youth Services Officer/Community Relations Service/Intake (323) 344-5712, Direct Dispatch - Emergency Number Emergency (213) 928-8206, Front Desk Service/Intake (323) 344-5701, Non-emergency Police Response ","Monday through Sunday, 24 hours per day. ",The department provides law enforcement and youth services for the City of Los Angeles.,www.lapdonline.org,2020-07-14,https://public.gis.lacounty.gov/public/rest/services/LACounty_Dynamic/LMS_Data_Public/MapServer/146
7605,Los Angeles Police Department - Topanga Community Police Station,Los Angeles Police Department,municipal_police,21501 Schoenborn St.,Canoga Park,CA,91304,34.22104300038604,-118.59891599970395,"Service/Intake (818) 756-4800,  TDD (818) 756-5899, Direct Dispatch - Emergency Number Emergency (213) 928-8206",,The department provides law enforcement and youth services for the City of Los Angeles.,www.lapdonline.org,2020-07-14,https://public.gis.lacounty.gov/public/rest/services/LACounty_Dynamic/LMS_Data_Public/MapServer/146
7639,City Of San Marino Police Department,City Of San Marino Police Department,municipal_police,2200 Huntington Dr.,San Marino,CA,91108,34.12122300032919,-118.10572799994405,Direct Dispatch - Emergency and Non-Emergency Number Service/Intake (626) 300-0720,"Monday through Sunday, 24 hours per day. ",The department provides law enforcement services for the city of San Marino.,ci.san-marino.ca.us/city/pub_services/police.html,2020-07-14,https://public.gis.lacounty.gov/public/rest/services/LACounty_Dynamic/LMS_Data_Public/MapServer/146
7640,City Of Sierra Madre Police Department,City Of Sierra Madre Police Department,municipal_police,242 W. Sierra Madre Blvd.,Sierra Madre,CA,91024,34.161588000123075,-118.05844100019613,"Direct Dispatch - Emergency and Non-Emergency Number Service/Intake (626) 355-1414,  FAX (626) 355-5468",,The department provides law enforcement services for the city of Sierra Madre.,www.cityofsierramadre.com/departments,2020-07-14,https://public.gis.lacounty.gov/public/rest/services/LACounty_Dynamic/LMS_Data_Public/MapServer/146
8076,Los Angeles Police Department - 77Th St. Community Police Station,Los Angeles Police Department,municipal_police,7600 S. Broadway,Los Angeles,CA,90003,33.97061299971491,-118.27803499986187,"Service/Intake (213) 485-4161, DV/Major Assault Service/Intake (213) 485-4156,  Service/Intake (213) 485-4285, Non-emergency Police Response (ASK LAPD) Dispatch/General Info Service/Intake (877) 275-5273, Direct Dispatch - Emergency Number Emergency (213)","Monday through Sunday, 24 hours per day. ",The department provides law enforcement and youth services for the City of Los Angeles.,www.lapdonline.org,2020-07-14,https://public.gis.lacounty.gov/public/rest/services/LACounty_Dynamic/LMS_Data_Public/MapServer/146
8077,Los Angeles Police Department - West Valley Community Police Station,Los Angeles Police Department,municipal_police,19020 Vanowen St.,Reseda,CA,91335,34.19369499983726,-118.54743200002372,"Front Desk Service/Intake (818) 374-7611, Youth Services Officer Service/Intake (818) 374-7690, Detectives/DV/Major Assault Service/Intake (818) 374-7730, Non-emergency Police Response (ASK LAPD) Dispatch Service/Intake (877) 275-5273, Direct Dispatch - E","Monday through Sunday, 24 hours per day. ",The department provides law enforcement and youth services for the City of Los Angeles.,www.lapdonline.org,2020-07-14,https://public.gis.lacounty.gov/public/rest/services/LACounty_Dynamic/LMS_Data_Public/MapServer/146
8093,Los Angeles Police Department - Pacific Community Police Station,Los Angeles Police Department,municipal_police,12312 Culver Blvd.,Los Angeles,CA,90066,33.99152799979383,-118.42021799962737,"Non-emergency Police Response (ASK LAPD) Dispatch Service/Intake (877) 275-5273, DV/Major Assault Service/Intake (310) 482-6379, Youth Services Officer Service/Intake (310) 202-4525, Front Desk Service/Intake (310) 482-6335, Front Desk Service/Intake (310","Monday through Sunday, 24 hours per day. ",The department provides law enforcement and youth services for the City of Los Angeles.,www.lapdonline.org,2020-07-14,https://public.gis.lacounty.gov/public/rest/services/LACounty_Dynamic/LMS_Data_Public/MapServer/146
8094,Los Angeles Police Department - Southeast Community Police Station,Los Angeles Police Department,municipal_police,145 W. 108th St.,Los Angeles,CA,90061,33.93843800038559,-118.27544500024545,"DV/Major Assault Service/Intake (213) 485-6902, Non-emergency Police Response (ASK LAPD) Dispatch Service/Intake (877) 275-5273, Direct Dispatch - Emergency Number Emergency (213) 928-8206,  TDD (213) 485-9934,  Service/Intake (213) 972-7828, Youth Servic","Monday through Sunday, 24 hours per day. ",The department provides law enforcement and youth services for the City of Los Angeles.,www.lapdonline.org,2020-07-14,https://public.gis.lacounty.gov/public/rest/services/LACounty_Dynamic/LMS_Data_Public/MapServer/146
8095,Los Angeles Police Department - Rampart Community Police Station,Los Angeles Police Department,municipal_police,1401 W. 6th St.,Los Angeles,CA,90017,34.05647899986446,-118.26745799974287,"Detective's Desk Service/Intake (213) 484-3450, Community Relations Service/Intake (213) 484-3060,  FAX (213) 485-9821, Front Desk Service/Intake (213) 484-3400, Non-emergency Police Response (ASK LAPD) Dispatch Service/Intake (877) 275-5273, Commanding O","Monday through Sunday, 24 hours per day. ",The department provides law enforcement and youth services for the City of Los Angeles.,www.lapdonline.org,2020-07-14,https://public.gis.lacounty.gov/public/rest/services/LACounty_Dynamic/LMS_Data_Public/MapServer/146
8096,City Of Whittier Police Department,City Of Whittier Police Department,municipal_police,13200 Penn St,Whittier,CA,90602,33.97539537005593,-118.03492360032861,"Non-emergency Service/Intake (562) 567-9200, Direct Dispatch - Emergency Number Emergency (562) 567-9240, LIVESCAN fingerprinting Message/Answering Service (562) 567-9144, Detectives Service/Intake (562) 567-9270,  Administrative (562) 567-9202","Monday through Sunday, 24 hours per day. ",The department provides law enforcement services for the cities of Whittier and Santa Fe Springs.,www.cityofwhittier.org/depts/police/default.asp,2020-07-14,https://public.gis.lacounty.gov/public/rest/services/LACounty_Dynamic/LMS_Data_Public/MapServer/146
8097,City Of El Segundo Police Department,City Of El Segundo Police Department,municipal_police,348 Main St.,El Segundo,CA,90245,33.919925999820606,-118.41578299973068,"Direct Dispatch - Emergency Number Emergency (310) 524-2760, Fire Emergency Number Emergency (310) 524-2763, Non-Emergency Service/Intake (310) 524-2200","Monday through Saturday, 7:00am to 7:00pm. ",The department provides law enforcement services for the city of El Segundo.,https://www.elsegundopd.org/,2020-07-14,https://public.gis.lacounty.gov/public/rest/services/LACounty_Dynamic/LMS_Data_Public/MapServer/146
8098,City Of Claremont Police Department,City Of Claremont Police Department,municipal_police,570 W. Bonita Ave.,Claremont,CA,91711,34.09638999982901,-117.72247500039104,"Non Emergency-24 hours Service/Intake (909) 399-5415, Direct Dispatch - Emergency Number Service/Intake and Administration (909) 626-1296, Non Emergency-24 hours Service/Intake (909) 399-5411","Monday through Sunday, 24 hours per day. ",The department provides law enforcement for the city of Claremont.,www.claremontpd.org,2020-07-14,https://public.gis.lacounty.gov/public/rest/services/LACounty_Dynamic/LMS_Data_Public/MapServer/146
8100,City Of Whittier Police Department - Police Services Center - Santa Fe Springs,City Of Whittier Police Department,municipal_police,11576 Telegraph Rd.,Santa Fe Springs,CA,90670,33.94702399967926,-118.0864070003312,Service/Intake (562) 409-1850,"Monday through Sunday, 24 hours per day. ",The department provides law enforcement services for the cities of Whittier and Santa Fe Springs.,www.cityofwhittier.org/depts/police/default.asp,2020-07-14,https://public.gis.lacounty.gov/public/rest/services/LACounty_Dynamic/LMS_Data_Public/MapServer/146
8116,City Of South Pasadena Police Department,City Of South Pasadena Police Department,municipal_police,1422 Mission St.,South Pasadena,CA,91030,34.11595499985509,-118.15239099982335,"FAX (626) 403-7271, Direct Dispatch - Emergency Number Emergency (626) 403-7297,  Service/Intake (626) 403-7270,  TDD (626) 441-1191","Monday through Sunday, 24 hours per day. ",The department provides law enforcement services for the city of South Pasadena.,www.ci.south-pasadena.ca.us/police,2020-07-14,https://public.gis.lacounty.gov/public/rest/services/LACounty_Dynamic/LMS_Data_Public/MapServer/146
8125,Los Angeles Police Department - Southwest Community Police Station,Los Angeles Police Department,municipal_police,1546 W. Martin Luther King Jr. Blvd.,Los Angeles,CA,90062,34.01067099965537,-118.30503000048205,"Detective Desk Service/Intake and Administration (213) 485-6571, DV/Major Assault Service/Intake (213) 485-2586, Non-emergency Police Response (ASK LAPD) Dispatch Service/Intake (877) 275-5273,  Service/Intake (213) 847-5800, Direct Dispatch - Emergency N","Monday through Sunday, 24 hours per day. ",The department provides law enforcement and youth services for the City of Los Angeles.,www.lapdonline.org,2020-07-14,https://public.gis.lacounty.gov/public/rest/services/LACounty_Dynamic/LMS_Data_Public/MapServer/146
8126,Los Angeles Police Department - Devonshire Community Police Station,Los Angeles Police Department,municipal_police,10250 Etiwanda Ave.,Northridge,CA,91325,34.25642600023615,-118.5318310001847,"Front Desk Service/Intake (818) 832-0633, DV/Major Assault Service/Intake (818) 756-2891, Non-emergency Police Response (ASK LAPD) Dispatch Service/Intake (877) 275-5273, Direct Dispatch - Emergency Number Emergency (213) 928-8206,  TDD (818) 756-9033, Yo","Monday through Sunday, 24 hours per day. ",The department provides law enforcement and youth services for the City of Los Angeles.,www.lapdonline.org,2020-07-14,https://public.gis.lacounty.gov/public/rest/services/LACounty_Dynamic/LMS_Data_Public/MapServer/146
8127,Los Angeles Police Department - Olympic Community Police Station,Los Angeles Police Department,municipal_police,1130 S. Vermont Ave.,Los Angeles,CA,90006,34.04981700041532,-118.29143899965287,"General Inquiries &amp; Information Service/Intake (213) 382-9102,  FAX (213) 382-9109, 877-ASK-LAPD Service/Intake (877) 275-5273, Direct Dispatch - Emergency Number Emergency (213) 928-8206",,The department provides law enforcement and youth services for the City of Los Angeles.,www.lapdonline.org,2020-07-14,https://public.gis.lacounty.gov/public/rest/services/LACounty_Dynamic/LMS_Data_Public/MapServer/146
8131,City Of South Gate Police Department,City Of South Gate Police Department,municipal_police,8620 California Ave.,South Gate,CA,90280,33.95569100009334,-118.2052319996428,"Jail Info Service/Intake (323) 563-5410, Crime Prevention Service/Intake (323) 563-5461, Direct Dispatch - Emergency Number Emergency (323) 563-5436,  Administrative (323) 563-5408, General Non-Emergency Service/Intake (323) 563-5400, Emergency Peparednes","Monday through Friday, 9:00am to 5:00pm; Saturday and Sunday, 10:00am to 2:00pm. ",The department provides safety programs and law enforcement services for the city of South Gate.,www.cityofsouthgate.org,2020-07-14,https://public.gis.lacounty.gov/public/rest/services/LACounty_Dynamic/LMS_Data_Public/MapServer/146
8148,City Of Beverly Hills Police Department,City Of Beverly Hills Police Department,municipal_police,464 N. Rexford Dr.,Beverly Hills,CA,90210,34.072660000213126,-118.40031199976856,"Direct Dispatch - Non-emergency Service/Intake (310) 550-4951, Direct Dispatch - Emergency Police and Fire Emergency (310) 550-4900, Direct Dispatch - Non-emergency Service/Intake (310) 550-4951, Crime Prevention Office Service/Intake (310) 288-2661, Fron","Monday through Sunday, 24 hours per day. ","The department provides law enforcement for the city of Beverly Hills, and also dispatches the Fire Department.",www.beverlyhills.org/,2020-07-14,https://public.gis.lacounty.gov/public/rest/services/LACounty_Dynamic/LMS_Data_Public/MapServer/146
8149,City Of Pomona Police Department,City Of Pomona Police Department,municipal_police,490 W. Mission Blvd.,Pomona,CA,91766,34.05487100007405,-117.75426700003402,"Direct Dispatch - Emergency and Non Emergency Number Service/Intake (909) 622-1241, Operations Division Service/Intake (909) 620-2122, General Info-Front Desk Service/Intake (909) 620-2155,  FAX (909) 620-2146, Community Programs Service/Intake (909) 620-","Monday through Sunday, 24 hours per day. ",The department provides law enforcement services for the city of Pomona.,ci.pomona.ca.us/index.php/police-department-home,2020-07-14,https://public.gis.lacounty.gov/public/rest/services/LACounty_Dynamic/LMS_Data_Public/MapServer/146
8150,City Of San Gabriel Police Department,City Of San Gabriel Police Department,municipal_police,625 S. Del Mar Ave.,San Gabriel,CA,91776,34.09486099973996,-118.09973699951583,Service/Intake (626) 308-2828,"Monday through Sunday, 24 hours per day. ",The department provides law enforcement services for the city of San Gabriel.,www.sgpd.com,2020-07-14,https://public.gis.lacounty.gov/public/rest/services/LACounty_Dynamic/LMS_Data_Public/MapServer/146
9103,Los Angeles Police Department - Hollenbeck Community Police Station,Los Angeles Police Department,municipal_police,2111 E. 1st. St.,Los Angeles,CA,90033,34.04475800004173,-118.21309099987683,"Youth Services Officer Service/Intake (323) 342-4143, DV/Major Assaults Service/Intake (213) 526-3004, Non-emergency Police Response (ASK LAPD) Dispatch Service/Intake (877) 275-5273, General info - front desk Service/Intake (323) 342-4100, Direct Dispatc","Monday through Sunday, 24 hours per day. ",The department provides law enforcement and youth services for the City of Los Angeles.,www.lapdonline.org,2020-07-14,https://public.gis.lacounty.gov/public/rest/services/LACounty_Dynamic/LMS_Data_Public/MapServer/146
9104,Los Angeles Police Department - Van Nuys Community Police Station,Los Angeles Police Department,municipal_police,6240 Sylmar Ave.,Van Nuys,CA,91401,34.18357299999768,-118.44638600006954,"Front Desk Service/Intake (818) 374-9500, Jail Service/Intake (818) 374-9645, DV/Major Assault Service/Intake (818) 756-8371, Non-emergency Police Response (ASK LAPD) Dispatch Service/Intake (877) 275-5273, Youth Services Officer Service/Intake (818) 374-","Monday through Sunday, 24 hours per day. ",The department provides law enforcement and youth services for the City of Los Angeles.,www.lapdonline.org,2020-07-14,https://public.gis.lacounty.gov/public/rest/services/LACounty_Dynamic/LMS_Data_Public/MapServer/146
9105,City Of Baldwin Park Police Department,City Of Baldwin Park Police Department,municipal_police,14403 E. Pacific Ave.,Baldwin Park,CA,91706,34.08523100023526,-117.96012399993504,"Direct Dispatch - Emergency and Non-Emergency Number Service/Intake (626) 960-1955 Ext.0, 24-hrs Service/Intake (Voice and TDD) (626) 960-1955","Monday through Sunday, 7:30am to 9:00pm. ",The department provides law enforcement services for the city of Baldwin Park.,www.baldwinpark.com/,2020-07-14,https://public.gis.lacounty.gov/public/rest/services/LACounty_Dynamic/LMS_Data_Public/MapServer/146
9411,Universal Citywalk Substation,Los Angeles County Sheriff's Department,sheriff,"1000 Universal Studios Blvd., Bldg. 4505M",Universal City,CA,91608,34.135642800332505,-118.35113089979546,(818) 622-9580,,"Universal City is a one square mile island of unincorporated Los Angeles County, surrounded by the City of Los Angeles. It contains an entertainment theme park (Universal Studios-Hollywood), a complete motion picture and television production studio complex, a six thousand five hundred seat Amphitheater (Universal Amphitheater), an eighteen screen cinema (Universal Studios Cinemas), and a large restaurant and shopping district theme mall (CityWalk). The average daily population is approximately fifty thousand. The Los Angeles County Sheriff's Department provides law enforcement services to Universal City from a Sub-Station located within the CityWalk Theme Mall.

Staffing for the substation consists of 1-Lieutenant, 2-Sergeants, 1-Detective, 1-Team leader, 12 Deputies and is manned 24 hours a day by Deputy and Security personnel.",http://www.lasdhq.org/stations/for2/westh-ucity/universal_citywalk.html,2020-07-14,https://public.gis.lacounty.gov/public/rest/services/LACounty_Dynamic/LMS_Data_Public/MapServer/146
9489,Arcadia Police Department,City of Arcadia,municipal_police,250 W. Huntington Dr.,Arcadia,CA,91007,34.136637450118556,-118.03989350999855,"Direct Dispatch - Emergency Number Service/Intake (626) 574-5121, Non-Emergencies / General Emergency Service/Intake and Administration (626) 574-5151, Direct Dispatch - Non-Emergency Service/Intake (626) 574-5123, Non-Emergencies TDD (626) 447-6621","Monday through Friday, 7:30am to 5:00pm.
Emergencies 24 hours a day.",The department provides law enforcement services for the city of Arcadia.,https://www.arcadiacapolice.gov/index.php,2026-04-28,https://public.gis.lacounty.gov/public/rest/services/LACounty_Dynamic/LMS_Data_Public/MapServer/146
9528,Pico Rivera Sheriff's Station,Los Angeles County Sheriff's Department,sheriff,6631 S. Passons Blvd.,Pico Rivera,CA,90660,33.98191470016284,-118.0888921004111,"Station: (562) 949-2421
Emergencies: Dial 911","Available 24 hours a day, 7 days a week","Serving the areas of: El Rancho, Los Nietos, Pico Rivera, Unincorporated West Whittier, and West Whittier.",https://lasd.org/pico-rivera/,2026-02-03,https://public.gis.lacounty.gov/public/rest/services/LACounty_Dynamic/LMS_Data_Public/MapServer/146
9556,Manhattan Beach Police Department,City of Manhattan Beach,municipal_police,420 15th St,Manhattan Beach,CA,90266,33.886956390146686,-118.40928196963097,"Victim Assistance Service/Intake (310) 802-5185, Animal Control Service/Intake and Administration (310) 802-5159, Direct Dispatch - Emergency and Non Emergency Number Service/Intake (310) 545-4566, Business Number Administrative (310) 802-5140,  FAX (310)","Monday, Wednesday, Friday, 8:30am to 5:00pm; Tuesday, Thursday, 8:30am to 7:00pm.",The police department provides law enforcement services for the city of Manhattan Beach.,https://www.manhattanbeach.gov/,2020-07-14,https://public.gis.lacounty.gov/public/rest/services/LACounty_Dynamic/LMS_Data_Public/MapServer/146
9583,California Highway Patrol - Newhall,California Highway Patrol,state_police,28648 The Old Road,Valencia,CA,91355,34.440235689632736,-118.60214150003286,(661) 600-1600,"Monday - Friday: 8:00 AM – 5:00 PM
Saturday - Sunday: Closed",The agency provides law enforcement for California highways.,https://www.chp.ca.gov/find-an-office/southern-division/540-newhall/,2026-02-03,https://public.gis.lacounty.gov/public/rest/services/LACounty_Dynamic/LMS_Data_Public/MapServer/146
11257,Bell Police Department,Bell Police Department,municipal_police,6326 Pine Ave.,Bell,CA,90201,33.97924100031981,-118.18846600034061,"Service/Intake and Administration (323) 588-6211, Bell Anonymous Tip Line Service/Intake (323) 923-2655,  FAX (323) 562-0410, Direct Dispatch - 24-Hours - Emergency Number Service/Intake (323) 585-124","Monday through Friday, 7:30am to 5:30pm.",The Department Provides Law Enforcement Services For The City Of Bell.,www.usacops.com/ca/p90201b,2020-07-14,https://public.gis.lacounty.gov/public/rest/services/LACounty_Dynamic/LMS_Data_Public/MapServer/146
11381,Alhambra Police Department,City of Alhambra,municipal_police,211 S. First St.,Alhambra,CA,91801,34.091933610048336,-118.12662946950074,626-570-5151,24 hours per day. ,"This department provides law enforcement services including crime prevention, patrol operations, and emergency response to protect life, property, and public safety within its service area.",https://www.cityofalhambra.org/607/Police,2020-07-14,https://public.gis.lacounty.gov/public/rest/services/LACounty_Dynamic/LMS_Data_Public/MapServer/146
11439,California Highway Patrol - Los Angeles Communications Center,California Highway Patrol,state_police,2901 W. Broadway,Los Angeles,CA,90041,34.14615310036976,-118.22737705017545,(323) 259-2000,"Available 24 hours a day, 7 days a week",This is a California Highway Patrol dispatch center. This facility is not open to the public.,https://www.chp.ca.gov/find-an-office/southern-division/514-los-angeles-communications-center/,2026-02-03,https://public.gis.lacounty.gov/public/rest/services/LACounty_Dynamic/LMS_Data_Public/MapServer/146
11462,City Of Signal Hill Police Department,City Of Signal Hill Police Department,municipal_police,2745 Walnut Ave,Signal Hill,CA,90755,33.806860399713585,-118.17244970048691,"Administrative Secretary Service/Intake and Administration (562) 989-7205, Records Service/Intake (562) 989-7200, Direct Dispatch - Emergency Number Emergency (562) 989-7201, Dispatcher - Non Emergency Service/Intake (562) 989-7200, Watch Commander Servic","Monday through Sunday, 24 hours per day. ",The department provides law enforcement services for the city of Signal Hill.,www.signalhillpd.org,2020-07-14,https://public.gis.lacounty.gov/public/rest/services/LACounty_Dynamic/LMS_Data_Public/MapServer/146
8099,City Of Monterey Park Police Department,City Of Monterey Park Police Department,municipal_police,320 W. Newmark Ave.,Monterey Park,CA,91754,34.0596659998821,-118.12593499960529,"Direct Dispatch - Emergency and Non Emergency Number Service/Intake (626) 573-1311, Animal Services (626) 307-1217, Community Relations Service/Intake (626) 307-1216, Community Relations Department Service/Intake (626) 302-1215, Watch Commander Service/Intake (626) 307-1200","Monday through Sunday, 8:00 am – 5:00 pm

",The department provides law enforcement services for residents of Monterey Park.,https://www.montereypark.ca.gov/393/Police,2020-07-14,https://public.gis.lacounty.gov/public/rest/services/LACounty_Dynamic/LMS_Data_Public/MapServer/146
9900,Los Angeles County Sheriff's Transit Services Bureau,Los Angeles County Sheriff's Department,sheriff,2000 Imperial Hwy,Los Angeles,CA,90059,33.92883299955698,-118.23712200013317,"Station: (323) 563-5000
Emergencies: Dial 911","Available 24 hours a day, 7 days a week","Serving the Metropolitan Transportation Authority (Metro) bus lines, rail lines and properties.",https://lasd.org/transitservicesbureau/,2026-02-03,https://public.gis.lacounty.gov/public/rest/services/LACounty_Dynamic/LMS_Data_Public/MapServer/146
11291,United States Department Of Justice - Federal Bureau Of Investigation - Los Angeles Field Office,Federal Bureau of Investigation,federal_police,11000 Wilshire Blvd Suite 1700,Los Angeles,CA,90024,34.057009520086375,-118.4493901003699,24 Hours Service/Intake (310) 477-6565,"Monday through Friday, 8:15am to 5:00pm. ",The bureau provides law enforcement services.,www.fbi.gov,2020-07-14,https://public.gis.lacounty.gov/public/rest/services/LACounty_Dynamic/LMS_Data_Public/MapServer/146
9538,Lakewood Sheriff’s Station,Los Angeles County Sheriff's Department,sheriff,5130 N. Clark Ave.,Lakewood,CA,90712,33.85140585986495,-118.13317693969108,"Station: (562) 623-3500
Emergencies: Dial 911","Available 24 hours a day, 7 days a week","Serving the areas of: City of Artesia, City of Bellflower, City of Hawaiian Gardens, City of Lakewood, City of Paramount, Unincorporated Cerritos, Unincorporated Long Beach.",https://lasd.org/lakewood/,2026-02-03,https://public.gis.lacounty.gov/public/rest/services/LACounty_Dynamic/LMS_Data_Public/MapServer/146
9542,Crescenta Valley Sheriff’s Station,Los Angeles County Sheriff's Department,sheriff,4554 N. Briggs,La Crescenta,CA,91214,34.2210333499019,-118.23034644008955,"Station: (818) 248-3464
Emergencies: Dial 911","Available 24 hours a day, 7 days a week","Serving the areas of: City of La Cañada Flintridge, Unincorporated Communities of: La Crescenta / Montrose, Lopez Canyon, Kagel Canyon, Little Tujunga Canyon, Big Tujunga Canyon, Angeles National Forest (State Route 2 – Angeles Crest Hwy, Switzer Falls), Mount Wilson.",https://lasd.org/crescenta-valley/,2026-02-03,https://public.gis.lacounty.gov/public/rest/services/LACounty_Dynamic/LMS_Data_Public/MapServer/146
9554,Altadena Sheriff’s Station,Los Angeles County Sheriff's Department,sheriff,780 E. Altadena Dr.,Altadena,CA,91001,34.18963599973123,-118.13254499989249,"Station: (626) 798-1131
Emergencies: Dial 911","Available 24 hours a day, 7 days a week","Serving the areas of: Altadena, Angeles National Forest Mount Wilson Area (Eaton Canyon), Chaney Trail, Kinneola Mesa, La Vina, Northeast Pasadena, Pasadena Glen.",https://lasd.org/altadena/,2026-02-03,https://public.gis.lacounty.gov/public/rest/services/LACounty_Dynamic/LMS_Data_Public/MapServer/146
9611,South Los Angeles Sheriff's Station,Los Angeles County Sheriff's Department,sheriff,1310 W. Imperial Hwy.,Los Angeles,CA,90044,33.930132999624846,-118.29821700046267,"Station: (323) 820-6700
Emergencies: Dial 911","Available 24 hours a day, 7 days a week","<p>Serving the areas of: Athens, Del Aire, El Camino Village, City of Lawndale, Lennox, Moneta Gardens, Wiseburn.</p>",https://lasd.org/south-los-angeles/,2026-02-03,https://public.gis.lacounty.gov/public/rest/services/LACounty_Dynamic/LMS_Data_Public/MapServer/146
11169,Walnut/Diamond Bar Sheriff's Station,Los Angeles County Sheriff's Department,sheriff,21695 Valley Blvd.,Walnut,CA,91789,34.028855839908815,-117.8343118905249,"Walnut: (909) 595-2264
Diamond Bar: (626) 913-1715
Emergencies: Dial 911","Available 24 hours a day, 7 days a week","Serving the areas of: City of Walnut, City of Diamond Bar, Rowland Heights, Unincorporated Areas of Covina Hill and West Covina.",https://lasd.org/walnut-diamond-bar/,2026-02-03,https://public.gis.lacounty.gov/public/rest/services/LACounty_Dynamic/LMS_Data_Public/MapServer/146
10351,Century Sheriff’s Station,Los Angeles County Sheriff's Department,sheriff,11703 S. Alameda St.,Lynwood,CA,90262,33.92770247012285,-118.22737455001395,"Station: (323) 568-4800
Emergencies: Dial 911","Available 24 hours a day, 7 days a week","Serving the areas of: Florence/Firestone, City of Lynwood, Walnut Park, Willowbrook, Athens Park.",https://lasd.org/century/,2026-02-03,https://public.gis.lacounty.gov/public/rest/services/LACounty_Dynamic/LMS_Data_Public/MapServer/146
11378,West Hollywood Sheriff's Station,Los Angeles County Sheriff's Department,sheriff,780 North San Vicente Boulevard,Los Angeles,CA,90069,34.08434300005721,-118.38337200014051,"Station: (310) 855-8850
Emergencies: Dial 911","Available 24 hours a day, 7 days a week",Serving the areas of: City of West Hollywood and the unincorporated Universal CityWalk.,https://lasd.org/west-hollywood/,2026-02-03,https://public.gis.lacounty.gov/public/rest/services/LACounty_Dynamic/LMS_Data_Public/MapServer/146
9537,East Los Angeles Sheriff’s Station,Los Angeles County Sheriff's Department,sheriff,5019 East 3rd St,East Los Angeles,CA,90022,34.034209999704515,-118.15780800009472,"Station: (323) 264-4151
Emergencies: Dial 911","Available 24 hours a day, 7 days a week","Serving the areas of: City of Commerce, City of Cudahy, City of Maywood, Unincorporated communities: Belvedere Gardens, City Terrace, Eastmont, East Los Angeles, Saybrook Park, Union Pacific.",https://lasd.org/east-los-angeles/,2026-02-03,https://public.gis.lacounty.gov/public/rest/services/LACounty_Dynamic/LMS_Data_Public/MapServer/146
9544,Compton Sheriff’s Station,Los Angeles County Sheriff's Department,sheriff,301 S. Willowbrook Ave.,Compton,CA,90220,33.894081599712514,-118.22444290001971,"Station: (310) 605-6500
Emergencies: Dial 911","Available 24 hours a day, 7 days a week","Serving the areas of: City of Compton, East Rancho Dominguez, Unincorporated Gardena, Rosewood.",https://lasd.org/compton/,2026-02-03,https://public.gis.lacounty.gov/public/rest/services/LACounty_Dynamic/LMS_Data_Public/MapServer/146
9550,Industry Sheriff’s Station,Los Angeles County Sheriff's Department,sheriff,150 Hudson Avenue,Industry,CA,91744,34.02495599993217,-117.9587890001214,"Station: (626) 330-3322
Emergencies: Dial 911","Available 24 hours a day, 7 days a week","Serving the areas of: City of Industry, City of La Puente, City of La Habra Heights, Valinda, East and West Valinda, Bassett/North Whittier, Hacienda Heights.",https://lasd.org/industry/,2026-02-03,https://public.gis.lacounty.gov/public/rest/services/LACounty_Dynamic/LMS_Data_Public/MapServer/146
9551,Cerritos Sheriff’s Station,Los Angeles County Sheriff's Department,sheriff,18135 S. Bloomfield Ave.,Cerritos,CA,90703,33.86633132019998,-118.06592166036448,"Station: (562) 860-0044
Emergencies: Dial 911","Available 24 hours a day, 7 days a week",Serving the areas of: City of Cerritos.,https://lasd.org/cerritos/,2026-02-03,https://public.gis.lacounty.gov/public/rest/services/LACounty_Dynamic/LMS_Data_Public/MapServer/146
9557,Marina Del Rey Sheriff's Station,Los Angeles County Sheriff's Department,sheriff,13851 Fiji Way,Marina Del Rey,CA,90292,33.97050700040348,-118.44618899976055,"Station: (310) 482-6000
Emergencies: Dial 911","Available 24 hours a day, 7 days a week","Serving the areas of: Marina del Rey, Santa Monica Bay, Ladera Heights, Windsor Hills, View Park.",https://lasd.org/marina-del-rey/,2026-02-03,https://public.gis.lacounty.gov/public/rest/services/LACounty_Dynamic/LMS_Data_Public/MapServer/146
9563,Santa Clarita Valley Sheriff's Station,Los Angeles County Sheriff's Department,sheriff,26201 Golden Valley Road,Santa Clarita,CA,91350,34.4068389998235,-118.50374899961018,"Station: (661) 260-4000
Emergencies: Dial 911","Available 24 hours a day, 7 days a week","Serving the areas of: Angeles National Forest, Bouquet Canyon, Canyon Country, Castaic, City of Santa Clarita, Gorman, Hasley Canyon, Newhall, Neenach, Sand Canyon, Santa Clarita, Saugus, Six Flags Magic Mountain, Sleepy Valley, Southern Oaks, Stevenson Ranch, Sunset Point, Tesoro del Valle, Valencia, Val Verde, West Hills, Westridge.",https://lasd.org/santa-clarita-valley/,2026-02-03,https://public.gis.lacounty.gov/public/rest/services/LACounty_Dynamic/LMS_Data_Public/MapServer/146
9574,Carson Sheriff’s Station,Los Angeles County Sheriff's Department,sheriff,21356 S. Avalon Blvd.,Carson,CA,90745,33.83449494032785,-118.2630103801854,"Station: (310) 830-1123
Emergencies: Dial 911","Available 24 hours a day, 7 days a week","<div>Serving the areas of: Carson, Unincorporated Rancho Dominguez, Unincorporated Torrance, Unincorporated Harbor City.</div>",https://lasd.org/carson/,2026-02-03,https://public.gis.lacounty.gov/public/rest/services/LACounty_Dynamic/LMS_Data_Public/MapServer/146
9675,San Dimas Sheriff's Station,Los Angeles County Sheriff's Department,sheriff,270 S Walnut Ave,San Dimas,CA,91773,34.10482700022206,-117.80217000007023,"Station: (909) 450-2700
Emergencies: Dial 911","Available 24 hours a day, 7 days a week","Serving the areas of: City of San Dimas, Unincorporated Communities of: Covina, Azusa, Glendora, La Verne, Claremont, Azusa Canyon, Mount Baldy, Angeles National Forest (State Route 39).",https://lasd.org/sandimas/,2026-02-03,https://public.gis.lacounty.gov/public/rest/services/LACounty_Dynamic/LMS_Data_Public/MapServer/146
9748,San Dimas Sheriff Station,Los Angeles County Sheriff's Department,sheriff,270 South Walnut Avenue,San Dimas,CA,91773,34.10481300040575,-117.80213699956852,(909) 450-2700,"Available 24 hours a day, 7 days a week","Serving the areas of: City of San Dimas; unincorporated communities of Covina, Azusa, Glendora, La Verne, and Claremont; and the Azusa Canyon and Mount Baldy areas of the Angeles National Forest (State Route 39).",https://lasd.org/sandimas/,2026-02-03,https://public.gis.lacounty.gov/public/rest/services/LACounty_Dynamic/LMS_Data_Public/MapServer/146
10349,Lancaster Sheriff's Station,Los Angeles County Sheriff's Department,sheriff,501 W. Lancaster Blvd.,Lancaster,CA,93534,34.698974999888485,-118.13781000043313,"Station: (661) 948-8466
Emergencies: Dial 911","Available 24 hours a day, 7 days a week","Serving the areas of: Antelope Acres, Lancaster, Quartz Hill, Lake Los Angeles.",https://lasd.org/lancaster/,2026-02-03,https://public.gis.lacounty.gov/public/rest/services/LACounty_Dynamic/LMS_Data_Public/MapServer/146
10352,Palmdale Sheriff's Station,Los Angeles County Sheriff's Department,sheriff,750 East Ave. Q,Palmdale,CA,93550,34.58624495044737,-118.11700702010694,"Station: (661) 272-2400
Emergencies: Dial 911","Available 24 hours a day, 7 days a week","Serving the areas of: Acton, Agua Dulce, Big Pines / Wrightwood, Green Valley, Juniper Hills, Lake Elizabeth, Lake Hughes, Leona Valley, Littlerock, Llano, Palmdale, Pearblossom, Sun Village, Valyermo, Vasquez Rocks.",https://lasd.org/palmdale/,2026-02-03,https://public.gis.lacounty.gov/public/rest/services/LACounty_Dynamic/LMS_Data_Public/MapServer/146
9726,City Of Burbank Police Department,City Of Burbank Police Department,municipal_police,200 N 3Rd St,Burbank,CA,91502,34.1828521499956,-118.30846739978233,"Direct Dispatch - Emergency Number Service/Intake (818) 238-3000, Business Calls Service/Intake (818) 238-3130,  Information Only (818) 238-3333, Vice/Narcotics Service/Intake (818) 238-3280, Jail Information Service/Intake (818) 238-3010, Traffic Bureau ","Monday through Sunday, 24 hours per day. ",The department provides law enforcement services for the city of Burbank.,www.ci.burbank.ca.us/police,2020-07-14,https://public.gis.lacounty.gov/public/rest/services/LACounty_Dynamic/LMS_Data_Public/MapServer/146
10154,City Of Downey Police Department,City Of Downey Police Department,municipal_police,10911 Brookshire Ave,Downey,CA,90241,33.94091481983827,-118.12765499959723,"FAX (562) 904-2384, Direct Dispatch - Emergency and Non-Emergency Service/Intake (562) 861-0771, Direct Dispatch - Emergency Number for Agencies Only Service/Intake (562) 904-2363","Monday through Sunday, 24 hours per day. ",The department provides law enforcement services for the city of Downey.,www.downeyca.org/,2020-07-14,https://public.gis.lacounty.gov/public/rest/services/LACounty_Dynamic/LMS_Data_Public/MapServer/146
2710,City Of Redondo Beach Police Department,City Of Redondo Beach Police Department,municipal_police,401 Diamond St.,Redondo Beach,CA,90277,33.8453079995813,-118.38843100042324,"Direct Dispatch - Emergency Number Service/Intake (310) 379-5411, Direct Dispatch - Non Emergency Number (desk officer) Service/Intake (310) 379-2477 Ext.1-2351, Animal Control (310) 318-0611","Monday through Sunday, 24 hours per day. ",The police department provides law enforcement services for residents of Redondo Beach.,https://www.redondo.org/depts/police,2020-07-14,https://public.gis.lacounty.gov/public/rest/services/LACounty_Dynamic/LMS_Data_Public/MapServer/146
7606,City Of Torrance Community Services Dept,Law Enforcement,law_enforcement,3300 Civic Center Dr.,Torrance,CA,90503,33.839989999839936,-118.34241799968312,"Animal Control (310) 618-3850, Community Affairs Service/Intake (310) 618-6391, Direct Dispatch - Emergency Number Emergency (310) 320-2611, Non-Emergency Service/Intake (310) 328-3456, Juvenile Diversion Service/Intake (310) 618-5554, TDD (310) 618-5641","Monday through Sunday, 24 hours per day. ",The department provides law enforcement and youth services for the city of Torrance.,https://www.torranceca.gov/our-city/police,2020-07-14,https://public.gis.lacounty.gov/public/rest/services/LACounty_Dynamic/LMS_Data_Public/MapServer/146
9798,City Of Bell Police Department,City Of Bell Police Department,municipal_police,6326 Pine Ave,Bell,CA,90201,33.9795201298796,-118.18879279980648,"Bell Anonymous Tip Line Service/Intake (323) 923-2655,  FAX (323) 562-0410, Direct Dispatch - 24-Hours - Emergency Number Service/Intake (323) 585-1245,  Service/Intake and Administration (323) 588-6211","Monday through Sunday, 24 hours per day. ",The department provides law enforcement services for the city of Bell.,www.cityofbell.org,2020-07-14,https://public.gis.lacounty.gov/public/rest/services/LACounty_Dynamic/LMS_Data_Public/MapServer/146
9653,City Of Inglewood Police Department,City Of Inglewood Police Department,municipal_police,1 W Manchester Blvd,Inglewood,CA,90301,33.96308425019032,-118.35482260003451,"Front Desk Service/Intake (310) 412-5211, Direct Dispatch - Emergency and Non-Emergency Number Service/Intake (310) 412-8771, Administration Administrative (310) 412-5200, Community Affairs Service/Intake (310) 412-5530","Monday through Sunday, 24 hours per day. ",The agency provides law enforcement services for the city of Inglewood.,www.inglewoodpd.org/,2020-07-14,https://public.gis.lacounty.gov/public/rest/services/LACounty_Dynamic/LMS_Data_Public/MapServer/146
7412,City Of Santa Monica Police Department,City Of Santa Monica Police Department,municipal_police,333 Olympic Blvd,Santa Monica,CA,90401,34.012944579610746,-118.49038740023121,"Animal Control: (310) 458-8594, Parking Enforcement Service/Intake (310) 458-8466, General Information Service/Intake (310) 395-9931, Direct Dispatch - Emergency number Emergency (310) 458-8491, Community Relations Service/Intake (310) 458-8474","Monday through Sunday, 24 hours per day. ","The department provides domestic violence services, drug abuse services, law enforcement services and youth services for the City of Santa Monica.",https://www.santamonicapd.org,2020-07-14,https://public.gis.lacounty.gov/public/rest/services/LACounty_Dynamic/LMS_Data_Public/MapServer/146
9106,City Of Culver City Police Department,City Of Culver City Police Department,municipal_police,4040 Duquesne Ave.,Culver City,CA,90232,34.02066900003436,-118.3950970003401,"Livescan Fingerprinting Service/Intake (310) 253-6110, Direct Dispatch - Emergency Number Service/Intake (310) 837-6161, Non-Emergency Service/Intake (310) 837-1221, Animal Services (310) 253-6143, Police Dept.  
(310) 253-6202 and (310) 253-6260
","Monday through Sunday, 24 hours per day. ",The department provides law enforcement services for the city of Culver City.,https://www.culvercitypd.org/,2020-07-14,https://public.gis.lacounty.gov/public/rest/services/LACounty_Dynamic/LMS_Data_Public/MapServer/146
